{
  "PartialUpdateBooking " : {
    "transaction" : "PartialUpdateBooking ",
    "sampleCount" : 90,
    "errorCount" : 0,
    "errorPct" : 0.0,
    "meanResTime" : 271.3666666666666,
    "medianResTime" : 257.0,
    "minResTime" : 245.0,
    "maxResTime" : 793.0,
    "pct1ResTime" : 276.9,
    "pct2ResTime" : 282.6,
    "pct3ResTime" : 793.0,
    "throughput" : 16.519823788546255,
    "receivedKBytesPerSec" : 14.872860453377385,
    "sentKBytesPerSec" : 5.033383810572687
  },
  "Total" : {
    "transaction" : "Total",
    "sampleCount" : 540,
    "errorCount" : 0,
    "errorPct" : 0.0,
    "meanResTime" : 312.14814814814815,
    "medianResTime" : 254.0,
    "minResTime" : 243.0,
    "maxResTime" : 1832.0,
    "pct1ResTime" : 272.0,
    "pct2ResTime" : 999.9499999999999,
    "pct3ResTime" : 1583.5400000000034,
    "throughput" : 64.61648917075506,
    "receivedKBytesPerSec" : 55.22877527820989,
    "sentKBytesPerSec" : 20.918326328227835
  },
  "Auth" : {
    "transaction" : "Auth",
    "sampleCount" : 90,
    "errorCount" : 0,
    "errorPct" : 0.0,
    "meanResTime" : 571.5111111111112,
    "medianResTime" : 253.0,
    "minResTime" : 243.0,
    "maxResTime" : 1832.0,
    "pct1ResTime" : 1226.4000000000005,
    "pct2ResTime" : 1672.0000000000002,
    "pct3ResTime" : 1832.0,
    "throughput" : 12.649332396345748,
    "receivedKBytesPerSec" : 9.603390723822908,
    "sentKBytesPerSec" : 3.100568780744905
  },
  "GetBooking" : {
    "transaction" : "GetBooking",
    "sampleCount" : 90,
    "errorCount" : 0,
    "errorPct" : 0.0,
    "meanResTime" : 258.7999999999999,
    "medianResTime" : 253.0,
    "minResTime" : 244.0,
    "maxResTime" : 749.0,
    "pct1ResTime" : 261.0,
    "pct2ResTime" : 263.45,
    "pct3ResTime" : 749.0,
    "throughput" : 16.51073197578426,
    "receivedKBytesPerSec" : 14.885456796917998,
    "sentKBytesPerSec" : 3.2408761007154654
  },
  "DeleteBooking" : {
    "transaction" : "DeleteBooking",
    "sampleCount" : 90,
    "errorCount" : 0,
    "errorPct" : 0.0,
    "meanResTime" : 256.0777777777777,
    "medianResTime" : 254.0,
    "minResTime" : 244.0,
    "maxResTime" : 299.0,
    "pct1ResTime" : 266.0,
    "pct2ResTime" : 271.45,
    "pct3ResTime" : 299.0,
    "throughput" : 16.52285661832201,
    "receivedKBytesPerSec" : 12.18883387644575,
    "sentKBytesPerSec" : 4.0984429502478426
  },
  "CreateBooking" : {
    "transaction" : "CreateBooking",
    "sampleCount" : 90,
    "errorCount" : 0,
    "errorPct" : 0.0,
    "meanResTime" : 252.09999999999997,
    "medianResTime" : 251.5,
    "minResTime" : 244.0,
    "maxResTime" : 269.0,
    "pct1ResTime" : 258.0,
    "pct2ResTime" : 263.45,
    "pct3ResTime" : 269.0,
    "throughput" : 16.49560117302053,
    "receivedKBytesPerSec" : 15.308905906341641,
    "sentKBytesPerSec" : 7.539005223607037
  },
  "UpdateBooking" : {
    "transaction" : "UpdateBooking",
    "sampleCount" : 90,
    "errorCount" : 0,
    "errorPct" : 0.0,
    "meanResTime" : 263.03333333333336,
    "medianResTime" : 255.0,
    "minResTime" : 245.0,
    "maxResTime" : 750.0,
    "pct1ResTime" : 269.9,
    "pct2ResTime" : 272.9,
    "pct3ResTime" : 750.0,
    "throughput" : 16.507703595011005,
    "receivedKBytesPerSec" : 14.881293561995598,
    "sentKBytesPerSec" : 8.108764558877477
  }
}