{
  "Orders_Status" : {
    "transaction" : "Orders_Status",
    "sampleCount" : 500,
    "errorCount" : 0,
    "errorPct" : 0.0,
    "meanResTime" : 282.06199999999984,
    "medianResTime" : 269.0,
    "minResTime" : 239.0,
    "maxResTime" : 423.0,
    "pct1ResTime" : 342.0,
    "pct2ResTime" : 392.0,
    "pct3ResTime" : 416.99,
    "throughput" : 154.03573629081947,
    "receivedKBytesPerSec" : 47.38403997227357,
    "sentKBytesPerSec" : 54.90531615834874
  },
  "Products" : {
    "transaction" : "Products",
    "sampleCount" : 500,
    "errorCount" : 0,
    "errorPct" : 0.0,
    "meanResTime" : 5148.151999999998,
    "medianResTime" : 5228.5,
    "minResTime" : 3372.0,
    "maxResTime" : 6796.0,
    "pct1ResTime" : 6468.9,
    "pct2ResTime" : 6604.0,
    "pct3ResTime" : 6766.79,
    "throughput" : 72.84382284382285,
    "receivedKBytesPerSec" : 22.408011909965037,
    "sentKBytesPerSec" : 407.3278609411422
  },
  "Put_Orders" : {
    "transaction" : "Put_Orders",
    "sampleCount" : 500,
    "errorCount" : 0,
    "errorPct" : 0.0,
    "meanResTime" : 272.7679999999997,
    "medianResTime" : 263.0,
    "minResTime" : 238.0,
    "maxResTime" : 454.0,
    "pct1ResTime" : 295.90000000000003,
    "pct2ResTime" : 377.6999999999997,
    "pct3ResTime" : 416.99,
    "throughput" : 155.13496742165682,
    "receivedKBytesPerSec" : 47.7221823611542,
    "sentKBytesPerSec" : 41.96522067949116
  },
  "Get_Orders" : {
    "transaction" : "Get_Orders",
    "sampleCount" : 500,
    "errorCount" : 0,
    "errorPct" : 0.0,
    "meanResTime" : 277.9980000000001,
    "medianResTime" : 266.0,
    "minResTime" : 239.0,
    "maxResTime" : 430.0,
    "pct1ResTime" : 325.0,
    "pct2ResTime" : 393.95,
    "pct3ResTime" : 418.97,
    "throughput" : 153.84615384615387,
    "receivedKBytesPerSec" : 47.32572115384615,
    "sentKBytesPerSec" : 153.54567307692307
  },
  "Total" : {
    "transaction" : "Total",
    "sampleCount" : 3000,
    "errorCount" : 0,
    "errorPct" : 0.0,
    "meanResTime" : 1088.052666666668,
    "medianResTime" : 270.0,
    "minResTime" : 238.0,
    "maxResTime" : 6796.0,
    "pct1ResTime" : 4857.9000000000015,
    "pct2ResTime" : 5966.299999999997,
    "pct3ResTime" : 6591.969999999999,
    "throughput" : 362.0127911186195,
    "receivedKBytesPerSec" : 111.36135664293471,
    "sentKBytesPerSec" : 495.9410258537468
  },
  "Users" : {
    "transaction" : "Users",
    "sampleCount" : 500,
    "errorCount" : 0,
    "errorPct" : 0.0,
    "meanResTime" : 279.33800000000036,
    "medianResTime" : 268.0,
    "minResTime" : 240.0,
    "maxResTime" : 675.0,
    "pct1ResTime" : 308.90000000000003,
    "pct2ResTime" : 331.0,
    "pct3ResTime" : 525.96,
    "throughput" : 160.82341588935347,
    "receivedKBytesPerSec" : 49.47204688002573,
    "sentKBytesPerSec" : 113.55012664844001
  },
  "Carts" : {
    "transaction" : "Carts",
    "sampleCount" : 500,
    "errorCount" : 0,
    "errorPct" : 0.0,
    "meanResTime" : 267.99799999999993,
    "medianResTime" : 264.0,
    "minResTime" : 240.0,
    "maxResTime" : 444.0,
    "pct1ResTime" : 287.0,
    "pct2ResTime" : 296.0,
    "pct3ResTime" : 373.6400000000003,
    "throughput" : 160.92693916961701,
    "receivedKBytesPerSec" : 49.50389242034116,
    "sentKBytesPerSec" : 47.77518506598004
  }
}